product_name,brande,shipping
Makeblock mBot Smart Robot Kit| STEM Education| Easy Building and Coding| Entry-Level Programmable and Free APP Control Robot for Kids| Compatible with LEGO(Blue| Bluetooth Version| Family),Makeblock,Free Shipping,
Self Navigated Rechargeable Smart Robot Vacuum Cleaner Auto Sweeper Edge Clean,None,Free Shipping,
iRobot ROOMBAI755 Roomba i7+ Wi-Fi Connected Robot Vacuum,iRobot,Free Shipping,
Rechargeable Auto Cleaning Robot Smart Sweeping Robot Floor Dirt Dust Hair Automatic Cleaner For Home Electric Vacuum Cleaners,None,Free Shipping,
LIECTROUX C30B Robot Vacuum Cleaner 2D Map Navigation| Smart Memory| 3000Pa Suction| Map Shown on WiFi App| 0.6L Dustbin| 350ml Electric Water Tank| Wet and Dry Mopping,None,Free Shipping,
Makeblock mBot Ultimate 2.0 10-in-1 Robot Kit with Endless Possibility,Makeblock,Free Shipping,
Makeblock Codey Rocky Robot| STEM Education| Entry-level Coding Toys for 6yrs+ Kid| mBlock 5 Available for Windows and MacOS | Compatible with Lego| Family Choice Awards 2018,Makeblock,Free Shipping,
ILIFE V5s Pro Robotic Vacuum Cleaner with Water Tank| Automatically Sweeping Mopping Floor Cleaning Robot,ILIFE,Free Shipping,
iRobot Roomba 960 Vacuum Cleaning Robot + Dual Mode Virtual Wall Barriers (With Batteries) + Extra High Efficiency Filter + Extra Sidebrush + More,iRobot,Free Shipping,
iRobot R890020 Roomba Wi-Fi Connected Robotic Vacuum Cleaner,iRobot,Free Shipping,
USB Rechargeable Smart Cleaning Robot Auto Robotic Vacuum Mini Cleaner Floor Sweeper,None,Free Shipping,
Samsung POWERbot R7070 Robot Vacuum,SAMSUNG,Free Shipping,
Roborock S5 MAX Smart Robot Vacuum / Mopping Cleaner| Black,None,Free Shipping,
Dibea Robot Vacuum Cleaner with Mopping Water Tank| 1200pa High Suction| Self-Charging and Drop-Sensing Robotic Vacuum for Pet Hair & Hard Floors DT966 (send from US),None,Free Shipping,
eufy Boost IQ RoboVac 11S (Slim)| 1300Pa Strong Suction| Super Quiet| Self-Charging Robotic Vacuum Cleaner| Cleans Hard Floors to Medium-Pile Carpets (Black),eufy,Free Shipping,
DJI Intelligent Educational Robot STEM Toy Robomaster S1 with Programmable Modules| Scratch and Python Coding,DJI,Free Shipping,
Dibea D960 Robot Vacuum Cleaner for Pet Hair| Hard Floor| and Carpets,None,Free Shipping,
Golongele Self-Charging Robot Vacuum and mop| Super-Thin| 1400Pa Suction| Multiple Cleaning Modes| Quiet Smart and Powerful robovac Cleaner for Dog Hair Cleaning on Tile Hardwood Floor and Carpet,None,Free Shipping,
eufy Boost IQ RoboVac 11S (Slim)| 1300Pa Strong Suction| Super Quiet| Self-Charging Robotic Vacuum Cleaner| Cleans Hard Floors to Medium-Pile Carpets (White),eufy,Free Shipping,
Roborock RSD0107US S6 Pure Robot Vacuum & Mop Cleaner - Black,None,Free Shipping,
eufy BoostIQ RoboVac 11S MAX| Robot Vacuum Cleaner| Super-Thin| 2000Pa Super-Strong Suction| Quiet| Self-Charging Robotic Vacuum Cleaner| Cleans Hard Floors to Medium-Pile Carpets| Black,eufy,Special Shipping,
ECOVACS DB3G Deebot DM81 Pro Robotic Vacuum Cleaner,Ecovacs,Free Shipping,
Coredy Robot Vacuum Cleaner| 1700Pa Powerful Suction| 2.7inch super thin Robotic Vacuum with working up to 120 mins| Multiple Cleaning Modes/Self-Charging Robot Vacuum for Pet Hair| Hard Floor| Carpet,None,Free Shipping,
Stress Relieving LED Bluetooth Speaker Fidget Spinner,None,Free Shipping,
Rechargeable Auto Cleaning Robot Smart Sweeping Robot Floor Dirt Dust Hair Automatic Cleaner For Home Electric Vacuum Cleaners,None,Free Shipping,
1400Pa Ultra-strong Amarey A800 Robot Vacuum Cleaner with 4 Efficient Cleaning Modes| 7” Ultra-thin| Auto-charging| 360° Anti Collision & Anti Drop| Best Robot Vacuum for Pet Hair All Floor,None,Free Shipping,
Neato Robotics D4 Connected Laser Guided Robot Vacuum | Works with Amazon Alexa and Google Home,Neato Robotics,Free Shipping,
Roborock RSD0164US S5 Max Robot Vacuum & Mop Cleaner - Black,None,Free Shipping,
Neato Robotics D6 Connected Laser Guided Robotic Vacuum Cleaner| Works with Amazon Alexa and Google Home,Neato Robotics,Free Shipping,
Eitech 1065 Water Well Brick Construction Set - 57 Pcs.,None,Free Shipping,
Xiaomi Robot Builder| An Amazing Robot in 978 Parts,Mi,$40.00 Shipping,
Golongele Smart Clean Robot Vacuum Cleaner with Remote Control and HEPA Filter| Mini and Thin| Good Housekeeper Robo for Hardwood Floors| Carpet| pet Hair vacuuming| and Cleaning| Manual Recharge,None,Free Shipping,
Shark RV750 ION ROBOT 750 Vacuum with Wi-Fi Connectivity and Voice Control,Shark,Free Shipping,
Teifoc 4040 Windmill Brick Construction Set - 50+ Pcs.,None,Free Shipping,
Samsung POWERbot R7065 Robot Vacuum,SAMSUNG,Free Shipping,
Eitech 10301-C301 Classic Series Truck w/Crane,None,Free Shipping,
